{
  "number_of_time_steps": 50,
  "time_steps":
  [
  0,2.5e-10,5.0e-10,7.500000000000001e-10,1.0e-9,1.25e-9,1.5e-9,1.75e-9,2.0e-9,2.2500000000000003e-9,2.5000000000000005e-9,2.7500000000000006e-9,3.000000000000001e-9,3.250000000000001e-9,3.500000000000001e-9,3.750000000000001e-9,4.000000000000001e-9,4.250000000000001e-9,4.500000000000001e-9,4.75e-9,5.0e-9,5.25e-9,5.5e-9,5.749999999999999e-9,5.999999999999999e-9,6.249999999999999e-9,6.499999999999999e-9,6.749999999999998e-9,6.999999999999998e-9,7.249999999999998e-9,7.499999999999998e-9,7.749999999999998e-9,7.999999999999999e-9,8.25e-9,8.5e-9,8.75e-9,9.000000000000001e-9,9.250000000000002e-9,9.500000000000002e-9,9.750000000000003e-9,1.0000000000000004e-8,1.0250000000000004e-8,1.0500000000000005e-8,1.0750000000000005e-8,1.1000000000000006e-8,1.1250000000000006e-8,1.1500000000000007e-8,1.1750000000000008e-8,1.2000000000000008e-8,1.2250000000000009e-8,1.250000000000001e-8
  ],
  "number_of_steps_to_print": 50,
  "list_of_steps_to_print": "1:50:1"
}
